{
  "camera_id": 4,
  "image_path": "/ssd/ISSIA-Soccer/Annotation/Reference-Camera-4.bmp",
  "field_length_m": 105.0,
  "field_width_m": 68.0,
  "world_coordinate_system": {
    "origin": "field_center",
    "x_axis": "east_positive_long_axis",
    "y_axis": "north_positive_short_axis",
    "units": "meters"
  },
  "image_points": {
    "CENTER": [
      955.1999999999999,
      402.0
    ],
    "HALF_NORTH": [
      937.1999999999999,
      1035.6
    ],
    "HALF_SOUTH": [
      963.5999999999999,
      98.39999999999999
    ],
    "CENTER_CIRCLE_NORTH": [
      951.5999999999999,
      525.6
    ],
    "CENTER_CIRCLE_SOUTH": [
      957.5999999999999,
      306.0
    ],
    "CENTER_CIRCLE_WEST": [
      1448.3999999999999,
      406.79999999999995
    ],
    "CENTER_CIRCLE_EAST": [
      460.79999999999995,
      408.0
    ]
  },
  "world_points": {
    "CENTER": [
      0.0,
      0.0
    ],
    "HALF_NORTH": [
      0.0,
      34.0
    ],
    "HALF_SOUTH": [
      0.0,
      -34.0
    ],
    "CENTER_CIRCLE_NORTH": [
      0.0,
      9.15
    ],
    "CENTER_CIRCLE_SOUTH": [
      0.0,
      -9.15
    ],
    "CENTER_CIRCLE_WEST": [
      -9.15,
      0.0
    ],
    "CENTER_CIRCLE_EAST": [
      9.15,
      0.0
    ]
  },
  "homography_image_to_world": [
    [
      -0.028027911927370898,
      -0.0007878512504874384,
      27.084788188863428
    ],
    [
      0.00015126008768599113,
      0.12448833682557277,
      -50.64775531462179
    ],
    [
      -3.1338210354550083e-07,
      0.0012588023287794584,
      1.0
    ]
  ],
  "reprojection_errors_m": {
    "CENTER": 0.30481998330398885,
    "HALF_NORTH": 0.043930423719364405,
    "HALF_SOUTH": 0.0455413732281427,
    "CENTER_CIRCLE_NORTH": 0.16486870436104203,
    "CENTER_CIRCLE_SOUTH": 0.1894228428650182,
    "CENTER_CIRCLE_WEST": 0.1410303195420962,
    "CENTER_CIRCLE_EAST": 0.140861735492716
  },
  "reprojection_rmse_m": 0.16890969846892054
}